type,idx,sec_idx,loc
rec,0,78,0.9444444444444444
rec,1,77,0.9615384615384616
rec,2,75,0.9
rec,3,69,0.9615384615384616
rec,4,68,0.9444444444444444
rec,5,66,0.8333333333333334
rec,6,58,0.5
rec,7,52,0.8333333333333334
rec,8,46,0.8333333333333334
rec,9,36,0.5
rec,10,34,0.8333333333333334
rec,11,14,0.5
rec,12,8,0.8333333333333334
rec,13,2,0.5
rec,14,0,0.5
iclamp,0,0,0.5
