sec_idx,loc,var
0,0.5,v
32,0.9444444444444444,v
41,0.9444444444444444,v
