type,idx,sec_idx,loc
rec,0,86,0.5
rec,1,72,0.8333333333333334
iclamp,0,86,0.5
iclamp,1,72,0.8333333333333334
