sec_idx,loc,amp,delay,dur
162,0.9444444444444444,-0.05,200.0,300.00000000000006
