sec_idx,loc,var
162,0.9444444444444444,v
161,0.9615384615384616,v
159,0.9,v
153,0.9615384615384616,v
152,0.9444444444444444,v
150,0.8333333333333334,v
142,0.5,v
136,0.8333333333333334,v
130,0.8333333333333334,v
120,0.5,v
118,0.8333333333333334,v
98,0.5,v
92,0.8333333333333334,v
86,0.5,v
0,0.5,v
